{
  "baseline_win_rate": 0.37548828125,
  "holdout_games": 4096,
  "holdout_win_rate": 0.66015625,
  "params": [
    1.5915089845657349,
    2.2567152976989746,
    1.5478910207748413,
    1.226850152015686,
    1.6889326572418213,
    2.5633041858673096,
    0.20907588303089142,
    0.05977552756667137,
    1.0667651891708374,
    0.04709680378437042,
    0.0033564199693500996,
    0.05997755751013756,
    0.0,
    0.11244302988052368,
    0.06060362234711647,
    0.8740086555480957,
    0.5391741394996643
  ]
}