{"diversity_bonus":0.12621538,"port_bonus":0.11322465,"robber_steal_bonus":0.08100064,"robber_self_penalty":1.0795342,"steal_cards_weight":0.027256077,"trade_accept_threshold":2.8101563,"holdout_win_rate":0.39930555}